[
  {
    "name": "theme_info",
    "theme_name": "ELOWRA",
    "theme_version": "1.0.0",
    "theme_author": "Custom",
    "theme_documentation_url": "",
    "theme_support_url": ""
  },
  {
    "name": "Colors",
    "settings": [
      {
        "type": "color",
        "id": "color_sage_primary",
        "label": "Sage Primary",
        "default": "#4A5D23"
      },
      {
        "type": "color",
        "id": "color_text",
        "label": "Text Color",
        "default": "#111827"
      },
      {
        "type": "color",
        "id": "color_background",
        "label": "Background Color",
        "default": "#ffffff"
      }
    ]
  },
  {
    "name": "Typography",
    "settings": [
      {
        "type": "font_picker",
        "id": "type_header_font",
        "label": "Heading font",
        "default": "inter_n4"
      },
      {
        "type": "font_picker",
        "id": "type_body_font",
        "label": "Body font",
        "default": "inter_n4"
      }
    ]
  },
  {
    "name": "Favicon",
    "settings": [
      {
        "type": "image_picker",
        "id": "favicon",
        "label": "Favicon image",
        "info": "32 x 32px .png recommended"
      }
    ]
  }
]